proportion_vegetation_haute;adresse;geo_shape;geo_point_2d;nom_ev;nom_gerant;type_espace_vert;type_jardin_partage;domaine;proprietaire_terrain;statut_plu;amenagements;mail_1;mail_2;internet_1;internet_2;date_fermeture
;Jardin Ver Têtu, 2 rue Bernard tétu;"{""coordinates"": [2.376422256249393, 48.89490735849091], ""type"": ""Point""}";48.89490735849091, 2.376422256249393;Le ver têtu;Régie de quartier du 19°;;CA;VP;DEVE;ZUG;cabane composteur;info@rqparis19.org;;https://www.rqparis19.org/;;
;10 rue des Rosiers;"{""coordinates"": [2.3600991236116426, 48.8568894182747], ""type"": ""Point""}";48.8568894182747, 2.3600991236116426;Jardin partagé Rosiers Joseph Migneret;Les Jardiniers du 4ème;CA;CA;VP;DEVE;PSMV;cabane;jardiniers4@gmail.com;;;;
;119 rue du Faubourg St Martin;"{""coordinates"": [2.358534147859011, 48.87447065461863], ""type"": ""Point""}";48.87447065461863, 2.358534147859011;Jardin Saint Laurent;Emmaüs solidarité;CA;CA;VP;DEVE;ZUV;cabane;jardinsinsertion@emmaus.asso.fr;;https://www.emmaus-solidarite.org/;;
;12 rue Ella Fitzgerald;"{""coordinates"": [2.3962535474624995, 48.896501258602804], ""type"": ""Point""}";48.896501258602804, 2.3962535474624995;Jardin Ella Fitzgerald;Potager 21;;CP;VP;DEVE;;abris bois - recouvrement sol avec 15cm de TV - bacs de cultures;potager21association@gmail.com;;https://www.facebook.com/jardinellafitzgerald/;https://www.helloasso.com/associations/potager21;
;2 bis cité Aubry;"{""coordinates"": [2.395538392352498, 48.85717231786922], ""type"": ""Point""}";48.85717231786922, 2.395538392352498;Le jardin de la Cité Aubry;Le jardin de la Cité Aubry;;CP;VP;DEVE;ZUGEmplacement réservé pour espace vert public;;lejardindelacite@gmail.com;;https://www.lejardindelacite.com;https://fr-fr.facebook.com/jardinciteaubry;
;Square Frida Kahlo 18 rue de Noisy le Sec / rue des fougères 75020 Paris;"{""coordinates"": [2.412409477231944, 48.872185812706945], ""type"": ""Point""}";48.872185812706945, 2.412409477231944;Le soulier des Fougères;Le soulier des Fougères;CA;CA;VP;DEVE;ZUV;conteneur, composteur, abri à insectes;soulier.fougeres@gmail.com;;;;
;Centre Chenal Saint-Blaise 14 rue du Clos;"{""coordinates"": [2.406868721582751, 48.856991621657976], ""type"": ""Point""}";48.856991621657976, 2.406868721582751;Le jardin Saint Blaise;Esperem;;AUTRE;HVP;Paris Habitat;ZUG;composteur;valerie.navarre@esperem.org;;https://esperem.org;;
;Jardin Léon Zyguel 77 rue pixérécourt;"{""coordinates"": [2.395705800305236, 48.874455781851054], ""type"": ""Point""}";48.874455781851054, 2.395705800305236;L'îlot Léon;L'îlot Léon;CA;CA;VP;DEVE;EVP;eau coffres à outils;assolilotleon@gmail.com;;;;
;3 passage des Patriarches;"{""coordinates"": [2.3503522771858063, 48.8410895371343], ""type"": ""Point""}";48.8410895371343, 2.3503522771858063;jardin les moufettes;Les moufettes;;CA;VP;DEVE;;24 m² de jardinières  maçonnées - 11 jardinières bacs bois et 1 PMR - 58 m² de  pavés enherbés - Un local de stockage de 9.40 m² -  Un point d’eau;jardinlesmouffettes@gmail.com;;;;
;25, 27 rue de l'Echiquier;"{""coordinates"": [2.3507069035640717, 48.87111003164851], ""type"": ""Point""}";48.87111003164851, 2.3507069035640717;Yilmaz Güney;école élémentaire 34 rue du Faubourg Saint Denis;CA;CA;VP;DEVE;;;;;;;
;1bis rue de Thionville;"{""coordinates"": [2.380422341557614, 48.887723292646704], ""type"": ""Point""}";48.887723292646704, 2.380422341557614;Colmar Thionville;Atoll 75;;CA;VP;DEVE;;cabane composteur;atoll75@orange.fr;;;;
;33 rue Petit;"{""coordinates"": [2.382648686280655, 48.88495489479577], ""type"": ""Point""}";48.88495489479577, 2.382648686280655;Les Petits Passages;J2P: Jaurès Pantin Petit;;CA;VP;DEVE;ZUG;composteur cabane recup eau;associationj2p@gmail.com;;http://www.associationj2p.org/;;
;57 av Flandre;"{""coordinates"": [2.372696133074561, 48.88777009623041], ""type"": ""Point""}";48.88777009623041, 2.372696133074561;Serre aux Légumes;C P N et S.L.C.;;CA;VP;DEVE;ZUGEVP;composteur mare abri à insectes;cpnvaldeseine75@gmail.com;ass.locslc@wanadoo.fr;pn-valdeseine.asso.fr;;
;82 boulevard Voltaire;"{""coordinates"": [2.374691225166572, 48.86084250772489], ""type"": ""Point""}";48.86084250772489, 2.374691225166572;Jardin Partagé Truillot;Association du Jardin Partagé Truillot;CA;CA;VP;DEVE;;2 coffres métalliques;jardinpartage.truillot@gmail.com;;http://jardinpartagetruillot.blogspot.com/;;
;24 rue christine de Pisan;"{""coordinates"": [2.3078613711969544, 48.88971993565918], ""type"": ""Point""}";48.88971993565918, 2.3078613711969544;Paul paray;Collège La Rose blanche;CA;CA;VP;DEVE;;;;;;;
;Jardin Serge Gainsbourg place du Maquis du Vercors;"{""coordinates"": [2.4085842616976074, 48.87792750930357], ""type"": ""Point""}";48.87792750930357, 2.4085842616976074;Le moissonneur des Lilas;Le lien des Lilas;CA;CA;VP;DEVE;ZUG;local;lemoissonneurdeslilas@gmail.com;leliendeslilas@gmail.com;;;
;10 impasse Satan;"{""coordinates"": [2.4031486944419402, 48.855728547621275], ""type"": ""Point""}";48.855728547621275, 2.4031486944419402;Jardin des Délices;Jardin des délices;;CA;VP;DEVE;ZUGELV;cabane sur dalle, composteur et récupérateur d'eau;lejardindesdelices20@gmail.com;;;;
;13 rue de Lancry;"{""coordinates"": [2.3603470841551277, 48.86950039634417], ""type"": ""Point""}";48.86950039634417, 2.3603470841551277;jardin partagé de la rue de lancry;association CRL10;CA;CA;VP;DEVE;;décaissement avec apport de terre - panneau;;;http://www.crl10.net/;;
;Square Jacques Bidault 18 rue de la Lune;"{""coordinates"": [2.3500733576103885, 48.869811142440284], ""type"": ""Point""}";48.869811142440284, 2.3500733576103885;Le potager de la Lune;Jardinières et jardiniers du 2éme;CA;CA;VP;DEVE;ZUV;cabane composteur;potagerdelalune@gmail.com;;;;
;6 rue Louis Blanc;"{""coordinates"": [2.369254909228453, 48.87895886105989], ""type"": ""Point""}";48.87895886105989, 2.369254909228453;Jardin Louis blanc;La Maison du canal – Régie de quartier paris 10;;AUTRE;HVP;Paris Habitat;EBC;serre container spirale à aromatique marre terrasse bacs hors sol;accueil@lamaisonducanal.fr;;;;
;10 rue Erard;"{""coordinates"": [2.3843881170367554, 48.84523845646623], ""type"": ""Point""}";48.84523845646623, 2.3843881170367554;La Baleine Verte;Autour de la baleine;AUTRE;AUTRE;HVP;Paris Habitat;;bacs compost mare récupérateur d'eau de pluie gites à insectes nichoirs à oiseaux broyeur toiture végétalisée serre;labaleineverte12@gmail.com;;https://www.autourdelabaleine.fr/;;
;226 rue de courcelles;"{""coordinates"": [2.2945905938926776, 48.88897141825576], ""type"": ""Point""}";48.88897141825576, 2.2945905938926776;Bernard Lafay;ecole polyvalente boulevard de Reims;CA;CA;VP;DEVE;;container maritime - fontaine à boire - dalle beton;;;;;
;17 rue des envierges;"{""coordinates"": [2.387021891412031, 48.872122859479944], ""type"": ""Point""}";48.872122859479944, 2.387021891412031;Jardingue de Belleville;Archipelia;;AUTRE;HVP;Paris Habitat;ZUGEVP;composteur;info@archipelia.org;;;;
;3 rue Elisa Borey;"{""coordinates"": [2.390402141438679, 48.86635333609164], ""type"": ""Point""}";48.86635333609164, 2.390402141438679;Le Pommier des Amandiers;Le Pommier des Amandiers;CA;CA;VP;DEVE;ZUV;bacs en palette;contact@lepommierdesamandiers.fr;;;;2021-01-11T00:00:00+00:00
;impasse des jardiniers;"{""coordinates"": [2.391078620244889, 48.85214501194982], ""type"": ""Point""}";48.85214501194982, 2.391078620244889;jardin des p'tits voisins;Les p'tits voisins du 11ème;CA;CA;VP;DEVE;;eau - bacs;lesptitsvoisins@ntymail.com;;https://www.facebook.com/lespetitsvoisinsdu11eme;;
;42 rue René Bidet;"{""coordinates"": [2.338360057205291, 48.899785703064396], ""type"": ""Point""}";48.899785703064396, 2.338360057205291;Parcelle pédagogique du Square René Binet;Ecole Maternelle Françoise Dorléac;;;VP;DEVE;;verger, ferme pédagogique , arrosage automatique goutte;nathalie.ritter@paris.fr;;;;
;78 rue Georges Lardennois;"{""coordinates"": [2.3757588078042766, 48.87721264639524], ""type"": ""Point""}";48.87721264639524, 2.3757588078042766;Jardin de la Butte Bergeyre;Les Habitants de la Butte Bergeyre;;CA;VP;DEVE;ZUGELV;cabane ruches (mais pas sur la partie appartenant à la ville);jardinbergeyre@gmail.com;;https://www.habitants-butte-bergeyre.fr/;;
;3 rue des Oiseaux;"{""coordinates"": [2.361789533379203, 48.86298414291483], ""type"": ""Point""}";48.86298414291483, 2.361789533379203;Potager des Oiseaux;Les jardiniers du 3ème;CA;CA;VP;DEVE;PSMV Marais;cabane toit végétalisé;potagerdesoiseaux@gmail.com;;http://potagerdesoiseaux.blogspot.com/;;
;10 rue Francis Jammes;"{""coordinates"": [2.368544891601185, 48.87853706826983], ""type"": ""Point""}";48.87853706826983, 2.368544891601185;Jardin des Poètes;CRL 10 centre d'animation la Grange aux Belles;AUTRE;AUTRE;HVP;SIEMP;ZUGsans doute sur une zone EVP;;;;http://www.grange-aux-belles.com/;;
;Square Jules Verne 19 bis rue de l'Orillon;"{""coordinates"": [2.3750646312449724, 48.87050713662478], ""type"": ""Point""}";48.87050713662478, 2.3750646312449724;Centre de la Terre;Chemins Verts;CA;CA;VP;DEVE;ZUV;composteur armoire à outils;asso.cheminsverts@gmail.com;;https://lecentredelaterre.wordpress.com;;
;71 bis boulevard Voltaire;"{""coordinates"": [2.3756066478128095, 48.86111271759496], ""type"": ""Point""}";48.86111271759496, 2.3756066478128095;Jardin partagé Tibhirine;jardin partagé truillot;CA;CA;VP;DEVE;;cabane grillagée composteurs bacs;jardinpartage.truillot@gmail.com;;;;2021-07-27T00:00:00+00:00
;29 rue de Babylone;"{""coordinates"": [2.320189454812865, 48.85156475843292], ""type"": ""Point""}";48.85156475843292, 2.320189454812865;catherine labouré;Association Val de Seine - CPN Nature -;CP;CP;;;;;cpnvaldeseine@free.fr;;http://www.cpn-valdeseine.asso.fr/;;
;2 rue Montcalm;"{""coordinates"": [2.3353101077887075, 48.891761608525115], ""type"": ""Point""}";48.891761608525115, 2.3353101077887075;Jardin partagé Marcadet Montcalm;Jardin Partagé Marcadet Montcalm;CA;CA;VP;DEVE;ZUV;bacs en cagette légères fournis par l'asso;jardinpartage2m@gmail.com;;;;
;60 rue du sahel;"{""coordinates"": [2.4076354872935903, 48.84044077603892], ""type"": ""Point""}";48.84044077603892, 2.4076354872935903;Jardin Sahel;Broc bel R;CA;CA;VP;DEVE;;20 bacs un abri de jardin une arrivée d'eau une clôture un panneau d'affichage un composteur;brocbelr.paris@gmail.com;;;;
;10 place Franz Liszt;"{""coordinates"": [2.3515113779554366, 48.87829453011137], ""type"": ""Point""}";48.87829453011137, 2.3515113779554366;Jardin partagé solidaire Cavaillé Coll;Emmaüs Solidarité;CA;CA;VP;DEVE;;stabilisé - coffre;jardinsinsertion@emmaus.asso.fr;;https://www.emmaus-solidarite.org/;;
;159 rue de charonne;"{""coordinates"": [2.3897220231673, 48.85609813526598], ""type"": ""Point""}";48.85609813526598, 2.3897220231673;colbert;culture en herbe;CA;CA;VP;DEVE;;coffre;culturesenherbes2@gmail.com;;;;
;square de la rue Rene Binet;"{""coordinates"": [2.3383650443040938, 48.8997783984819], ""type"": ""Point""}";48.8997783984819, 2.3383650443040938;;;;;;;;;;;;;
;4 rue d'Annam;"{""coordinates"": [2.3940532814677087, 48.86615993579195], ""type"": ""Point""}";48.86615993579195, 2.3940532814677087;Centre social Annam;Centre social Annam CAF;;AUTRE;HVP;CAF;ZUG;;;;;;
;11 rue Claude Decaen;"{""coordinates"": [2.4013526307615636, 48.8340046041009], ""type"": ""Point""}";48.8340046041009, 2.4013526307615636;Jardin des Deux Lauriers;Gar'Eden;;CA;HVP;RFF;ZUG;cabane composteurs récupérateur d'eau de pluie gites à insectes nichoirs à oiseaux grainothèque;gareden12@gmail.com;;https://jardindeuxlauriers.wordpress.com/;https://www.facebook.com/groups/462186695640205;
;148 rue du Faubourg St Martin;"{""coordinates"": [2.3600203357805833, 48.875416611034055], ""type"": ""Point""}";48.875416611034055, 2.3600203357805833;Jardin de la résidence des Récollets;Jardin et PLU's;;AUTRE;HVP;RIVP;ZUG;;jardinsetplus10@googlegroups.com;;http://jardinsetplus.tumblr.com;;
;Maison communale Violet 69 rue Violet;"{""coordinates"": [2.291424656397191, 48.845610828659815], ""type"": ""Point""}";48.845610828659815, 2.291424656397191;La Maison Violette;La Maison violette;;CA;VP;DEVE;ZUGEVP;poulailler;jp.lamaisonviolette@gmail.com;;;;
;2 rue de l'Empreur Valentinien;"{""coordinates"": [2.3380388735880895, 48.826120158066935], ""type"": ""Point""}";48.826120158066935, 2.3380388735880895;Jardin de l’Aqueduc;Les Jardiniers de l’aqueduc;;CP;VP;DEVE;ZUV;composteur cabane mare ruches;jardin.aqueduc@gmail.com;;http://jardin-aqueduc.fr/;;
;Square des Cévennes 3 rue Cauchy;"{""coordinates"": [2.2751466047350433, 48.84342898467173], ""type"": ""Point""}";48.84342898467173, 2.2751466047350433;Le Jardin Aux P'tits Oignons;Le jardin aux p'tits oignons;CA;CA;VP;DEVE;ZUV;composteur cabane;contact@lejardinauxptitsoignons.org;;http://lejardinauxptitsoignons.org/;;
;Square Paul Didier 6 rue du colonel Manhes;"{""coordinates"": [2.3210957593957797, 48.89553230562329], ""type"": ""Point""}";48.89553230562329, 2.3210957593957797;Le Jardin du Dimanche;Le potager pot à joncs;CA;CA;VP;DEVE;;cabane composteur bacs hors sol pour consommable 3 zones de culture avec couche drainante mais que pour non consommables;potagerpotajoncs@gmail.com;;;;
;PC 18 Clignancourt, 108 rue du Ruisseau;"{""coordinates"": [2.342263705682592, 48.89701991455417], ""type"": ""Point""}";48.89701991455417, 2.342263705682592;Les Jardins du Ruisseau;Les Amis des Jardins du Ruisseau;;AUTRE;HVP;RFF loué à la Ville;Zone urbaine de grands services urbains;composteur cabane Récupération d'eau ruches poulailler aquaponie bassin aquatique;contact@lesjardinsduruisseau.org;;https://www.facebook.com/jardinsduruisseau;http://lesjardinsduruisseau.fr/;
;18 passage des Soupirs;"{""coordinates"": [2.39657904846862, 48.86891426469218], ""type"": ""Point""}";48.86891426469218, 2.39657904846862;Jardin des Soupirs;Association du passage des Soupirs;;CA;VP;DEVE;ZUGEVP;composteur cabane mare;jardindessoupirs@gmail.com;;https://jardindessoupirs.wordpress.com/;;
;Square Alexandre Luquet Impasse Piat;"{""coordinates"": [2.386712957190427, 48.87071198875051], ""type"": ""Point""}";48.87071198875051, 2.386712957190427;Jardin Luquet;Archipelia;CA;CA;VP;DEVE;ZUGEBC;;info@archipelia.org;;;;
;105 rue du bac;"{""coordinates"": [2.323800570471246, 48.85258616472082], ""type"": ""Point""}";48.85258616472082, 2.323800570471246;Jardin Partagé du Square des Missions Etrangères;Le jardin partagé du square des Missions Etrangères;CA;CA;VP;DEVE;PSMV 7ème arrtEspace Vert Public à protéger;hôtel à insectes meuble en palette bacs en palette abri;aygd@laposte.net;;;;
;Ecole Du breuil Route de la Ferme;"{""coordinates"": [2.4540848845748404, 48.82197837664164], ""type"": ""Point""}";48.82197837664164, 2.4540848845748404;Le p'tit lopin;Le p'tit lopin;;CP;VP;DEVE;;;Ptit.lopin@gmail.com;;;;
;Place Gilbert Perroy;"{""coordinates"": [2.3255166094199184, 48.8323625303162], ""type"": ""Point""}";48.8323625303162, 2.3255166094199184;Le Jardin du Carrousel;Le Jardin du Carrousel;CA;CA;VP;DEVE;;décaissement + apport de TV sur 30 à 80cm + système drainant - 1BA - 1 coffre - 1 panneau - 1 clôture en ganivelle;jardinducarrousel@gmail.com;;;;
;Square Pierre Adrien Dalpayrat,  23 rue du Cotentin;"{""coordinates"": [2.3135255400984285, 48.8385295302547], ""type"": ""Point""}";48.8385295302547, 2.3135255400984285;Fleurs de Bitume;Fleurs de Bitume;CA;CA;VP;DEVE;ZUV;composteur cabane abri à insectes;fleursdebitume@yahoo.fr;;https://fleursdebitume.jimdofree.com/;;
;17 rue des Perichaux (entre square du Docteur Calmette et square Lefèvre);"{""coordinates"": [2.298749865153408, 48.83027831865038], ""type"": ""Point""}";48.83027831865038, 2.298749865153408;Jardin'âges;Entr’Aide à domicile;AUTRE;AUTRE;HVP;Paris Habitat;ZUG;composteur cabane;contact@entraide-dom.fr;;www.entraide-dom.fr;;
;Jardins d’Eole 45 rue d'Aubervilliers;"{""coordinates"": [2.3668388619165817, 48.88725567457575], ""type"": ""Point""}";48.88725567457575, 2.3668388619165817;Le Trèfle d’Eole;Trèfle d’Eole;CP;CP;VP;DEVE;ZUV;composteur cabane une jardinière-bassin pour plantes aquatiques;contact@trefledeole.fr;;https://www.trefledeole.fr/;;
;295 rue de Belleville;"{""coordinates"": [2.402294523084996, 48.8760338115303], ""type"": ""Point""}";48.8760338115303, 2.402294523084996;L’îlot Lilas;L’Ilot Lilas;;CA;VP;DEVE;Voie publique ou privée;composteur cabane poulailler mare;jardin.lilolila@outlook.fr;;;;
;Jardin Hérold, 13 rue Francis Ponge;"{""coordinates"": [2.395081022659735, 48.88247359419764], ""type"": ""Point""}";48.88247359419764, 2.395081022659735;Jardin Hérold;* Association Jardin solidaire : Espaces * Association de quartier : Débrouille et cie;CA;CA;VP;DEVE;ZUGEVP;conteneur mare broyeur? (debrouille et compagnie?);espaces@association-espaces.org;jardin.debrouille@gmail.com;association-espaces.org;http://www.debrouille.com/;
;28 rue Chanzy;"{""coordinates"": [2.385342544561932, 48.852675071392014], ""type"": ""Point""}";48.852675071392014, 2.385342544561932;Jardin de la Folie Titon;Association de la Folie Titon;CA;CA;VP;DEVE;ZUV;composteur cabane récupérateur d'eau de pluie gite à insectes toiture végétalisée;la-folie-titon@outlook.fr;;https://association-folie-titon.blogspot.fr;https://twitter.com/AssoFolieTiton;
;17 rue Cristino Garcia;"{""coordinates"": [2.4134530277249566, 48.849883490779774], ""type"": ""Point""}";48.849883490779774, 2.4134530277249566;Le Clos Garcia;Le Clos Garcia;;AUTRE;HVP;RIVP entretenu par la ville. Bail emphytéotique;ZUGEVP;cabane Récupération d'eau toilettes sèches;closgarcia@free.fr;;http://closgarcia.free.fr/;;
;Jardin Casque d’Or 39b rue des Haies;"{""coordinates"": [2.4014026104821258, 48.85340083418658], ""type"": ""Point""}";48.85340083418658, 2.4014026104821258;Les haies partagées;Ass. du Jardin Partagé de Casque d’Or;CA;CA;VP;DEVE;ZUV;composteur Récupération d'eau mare;haies.partagees@gmail.com;;;;
;16 rue de Jéssaint;"{""coordinates"": [2.3562272617313655, 48.88545117079747], ""type"": ""Point""}";48.88545117079747, 2.3562272617313655;Jardin Bashung;La Goutte Verte;CA;CA;VP;DEVE;ZUG;local et composteur;goutteverte@yahoo.fr;;;;
;PC16 Auteuil, 77 boulevard Montmorency;"{""coordinates"": [2.2614304455372194, 48.850155724757315], ""type"": ""Point""}";48.850155724757315, 2.2614304455372194;Porte d'Auteuil;Horizon Verdure 16eme sud;;AUTRE;HVP;SNCF réseau;;;jardinpartageauteuil@gmail.com;;http://www.horizonverdure.sitew.com;;
;PC 16 la muette 14 boulevard de Beauséjour;"{""coordinates"": [2.2711784002316957, 48.85774154064471], ""type"": ""Point""}";48.85774154064471, 2.2711784002316957;Les jardins de Camille;les jardins de Camille;CP;AUTRE;HVP;SNCF réseau;;15 bacs hors sol avec lame d'aire cabane eau cloturette en bois;jardinpartage75116@gmail.com;;;;
;26 rue du Maroc;"{""coordinates"": [2.3685557664814367, 48.88686762636342], ""type"": ""Point""}";48.88686762636342, 2.3685557664814367;Jardin de la rue du Maroc;Vivre ensemble à Maroc-Tanger;;AUTRE;HVP;RIVP;ZUGEVP;;vivreensemble2@wanadoo.fr;;;;
;6 rue de l'Ourcq;"{""coordinates"": [2.384550972709326, 48.88803342590159], ""type"": ""Point""}";48.88803342590159, 2.384550972709326;Un p'tit bol d'herbe;Un p'tit bol d'herbe;;CA;VP;DEVE;ZUGELV;composteur cabane toit végétalisé mare;briouxcath@gmail.com;;;;
;place Marcel Achard;"{""coordinates"": [2.376348252856823, 48.873970419668545], ""type"": ""Point""}";48.873970419668545, 2.376348252856823;A la bonne herbe;"""association Belle Ville ABV""(Centre socioculturel Belleville)";CA;CA;VP;DEVE;ZUV;cabane fruitiers en cordon;;;https://centresocioculturelbelleville.fr/;;
;40 rue Le Vau;"{""coordinates"": [2.4118111639331086, 48.87274218373367], ""type"": ""Point""}";48.87274218373367, 2.4118111639331086;Verger Fleury;Vergers Urbains;CA;CA;VP;DEVE;;;vergersurbains@gmail.com;;http://vergersurbains.org/;https://www.facebook.com/ProjetVergersUrbains;
;2 place Jacques Marette;"{""coordinates"": [2.2999123781531723, 48.832643577800184], ""type"": ""Point""}";48.832643577800184, 2.2999123781531723;Brassens;école élémentaire 15 rue de Cherbourg;CP;CP;VP;DEVE;;;;;;;
;26 place de Brazzaville;"{""coordinates"": [2.285665767845934, 48.85097542093542], ""type"": ""Point""}";48.85097542093542, 2.285665767845934;Bela Bartok;Ecole élémentaire 25, rue Rouelle - Centre de loisirs élémentaire Rouelle - Ecole maternelle et élémentaire Emeriau;CA;CA;VP;DEVE;;2 coffres à outils;;;;;
;2 bis cité Leroy;"{""coordinates"": [2.3929043437209323, 48.87083609220711], ""type"": ""Point""}";48.87083609220711, 2.3929043437209323;Leroy Sème;Leroy Sème;;CA;VP;DEVE;ZUV;composteur recup eau cabane mare toit végétalisé Oyas;leroyseme@gmail.com;;http://leroyseme.canalblog.com/;;
;36 quai de la Marne;"{""coordinates"": [2.3841294158747837, 48.89030603512159], ""type"": ""Point""}";48.89030603512159, 2.3841294158747837;Charmante Petite Campagne Urbaine;Espace 19;;CA;VP;DEVE;ZUGEmplacement réservé;conteneur mare;contact@espace19.org;;http://www.espace19.org;;
;Maison des associations du 12e 181 avenue Daumesnil;"{""coordinates"": [2.3925067778942504, 48.84048781258281], ""type"": ""Point""}";48.84048781258281, 2.3925067778942504;Le jardin de la gare de Reuilly;Urbanescence;CA;CA;VP;DEVE;;cabane - bacs hors sol;contact@urbanescence.org;;;;
;1 rue Duranton;"{""coordinates"": [2.285209612484865, 48.8410720083609], ""type"": ""Point""}";48.8410720083609, 2.285209612484865;Duranton;Ecole élémentaire, 56 Avenue Félix Faure - C.L maternelle 56 Avenue Félix Faure;CA;CA;VP;DEVE;;Bacs cylindriques;;;;;
;Gymnase des Vignoles 91 rue des Haies;"{""coordinates"": [2.403902891025342, 48.85524050254697], ""type"": ""Point""}";48.85524050254697, 2.403902891025342;Le Jardin sur le Toit;Esperem;;CA;VP;DEVE;ZUG;composteur ruchette pédagogique poulailler;valerie.navarre@esperem.org;;https://esperem.org;;
;6 rue Augustin Thierry;"{""coordinates"": [2.3946041857847704, 48.876254098639954], ""type"": ""Point""}";48.876254098639954, 2.3946041857847704;Le Jardin d'Augustin;La Maison de la Place des Fêtes;;Autre;HVP;Icf Habitat;;;jardinaugustin75019@gmail.com;;;;
;22 rue Pierre Gourdault;"{""coordinates"": [2.369943997999922, 48.83102496747717], ""type"": ""Point""}";48.83102496747717, 2.369943997999922;Le Jardin d'Astrolabe;Le Jardin d’Astrolabe;CA;CA;VP;DEVE;;parcelles rehaussées, géotextile et apport de terre végétale - une clôture - un banc - un accès à l’eau - un abri à outils - 8 bacs de culture hors sol classique et;jardin-astrolabe@gmail.com;;;;
;16 avenue Jean Aicard;"{""coordinates"": [2.380997393282343, 48.865575893825856], ""type"": ""Point""}";48.865575893825856, 2.380997393282343;Jean Aicard;CATTP Hôpitaux Saint Maurice;CA;CA;VP;DEVE;;4 plessis 2m x 2 m - local;mariondeltell@hotmail.com;;;;
;18 rue du Chalet;"{""coordinates"": [2.3734014902052643, 48.873828813690864], ""type"": ""Point""}";48.873828813690864, 2.3734014902052643;Jardin du coin;jardin du coin;CA;CA;VP;DEVE;Emplacement réservé;cabane composteur espace de convivialité bacs sacs;jardinducoin10@gmail.com;;;;
;Square Ozanam - 18 rue Stanislas 75006;"{""coordinates"": [2.3273895239598645, 48.843197035916624], ""type"": ""Point""}";48.843197035916624, 2.3273895239598645;Jardin Partagé du Square Ozanam;Jardin partagé du Square Ozanam;CA;CA;VP;DEVE;;3 bacs de culture, coffre à outils;jardinpartageozanam@gmail.com;;;;
;parc Sainte Périne 39 rue Mirabeau;"{""coordinates"": [2.2690205939764083, 48.84586739552511], ""type"": ""Point""}";48.84586739552511, 2.2690205939764083;Jardin Les Mains Vertes de Sainte Périne;Les Mains Vertes de Sainte Périne;CA;CA;HVP;APHP;;coffre compost bacs avec système drainant abri de jardin récupérateur d'eau;lesmainsvertesdesainteperine@gmail.com;;https://mainsvertesstperine.wixsite.com/les-mains-vertes-de;;
;Jardin Anna Marly 25 avenue de la porte de Vanves;"{""coordinates"": [2.3043683491105096, 48.825077145700604], ""type"": ""Point""}";48.825077145700604, 2.3043683491105096;Les jardins de la douve;Les jardins de la douve;CA;CA;VP;DEVE;ZUG;récupérateur d'eau cabane;bureau@lesjardinsdeladouve.org;;;;
;Jardin Rosa Luxemburg 63 ter rue Riquet;"{""coordinates"": [2.3638026123075595, 48.8898074160027], ""type"": ""Point""}";48.8898074160027, 2.3638026123075595;Commun jardin;Vergers Urbains;CA;CA;VP;DEVE;ZUG;Local aquaponie;vergersurbains@gmail.com;;http://vergersurbains.org/;;
;10 impasse de la Chapelle;"{""coordinates"": [2.358629896864472, 48.89269558795182], ""type"": ""Point""}";48.89269558795182, 2.358629896864472;Ecobox;Eco Box;;CP;VP;DVD;;composteur poulailler mini bassin aquatique dans ancienne baignoire;jardinecobox@gmail.com;;;;
;36 boulevard de la Chapelle;"{""coordinates"": [2.3586135946812865, 48.88458976776485], ""type"": ""Point""}";48.88458976776485, 2.3586135946812865;Square de Jessaint;Emmaüs Solidarité;CA;CA;VP;DEVE;;;jardinsinsertion@emmaus.asso.fr;;https://www.emmaus-solidarite.org/;;
;Square Théodore Monod 23 rue du fer à moulin;"{""coordinates"": [2.3536483959414123, 48.838913111000345], ""type"": ""Point""}";48.838913111000345, 2.3536483959414123;Le Jardin de Théodore;Le jardin de Théodore (s’est associé l’école Montessori);CA;CA;VP;DEVE;ZUV;cabane bacs sacs composteur;jardindetheodore@gmail.com;;;;
;48 rue Trousseau;"{""coordinates"": [2.3792212004456044, 48.85251242118798], ""type"": ""Point""}";48.85251242118798, 2.3792212004456044;Jardin Nomade;Association Quartier St Bernard;;CA;VP;DLH;ZUG;composteur cabane spirale à insectes récupérateur d'eau de pluie gites à insecte nichoir à oiseaux;bureau@qsb11.org;;http://www.qsb11.org/;;
;4 rue Mercoeur;"{""coordinates"": [2.3831478525485976, 48.85689464960514], ""type"": ""Point""}";48.85689464960514, 2.3831478525485976;Square Jean Allemane;MJC Mercoeur;CA;CA;VP;DEVE;ZUVZUGSU;9 bacs hors sol gites à insectes;contact@mercoeur.asso.fr;;mercoeur.asso.fr;;
;Parc de Choisy rue Georges Eastman;"{""coordinates"": [2.3591159048076378, 48.828959782001235], ""type"": ""Point""}";48.828959782001235, 2.3591159048076378;Jardin partagé choisi;Association jardin partagé choisi;CA;CA;VP;DEVE;ZUVEBC;cabane composteur Recupérateur d'eau;c.chauchot@sfr.fr;;;;
;Parc Clichy-Batignolles - Martin Luther-King, 11 bis Boulevard Berthier;"{""coordinates"": [2.312168414976903, 48.893584509362576], ""type"": ""Point""}";48.893584509362576, 2.312168414976903;Le jardin des coopains;Le jardin des coopains;CP;CP;VP;DEVE;;cabane composteur Oyas;jardin.coopains@gmail.com;;;;
;Square de la Justice 60 rue de la justice;"{""coordinates"": [2.4086870197587302, 48.8684418354704], ""type"": ""Point""}";48.8684418354704, 2.4086870197587302;La terrasse du T3;La terrasse du T3;CA;CA;VP;DEVE;ZUG;composteur armoire à outils abri à insectes Récupération d'eau;terrassedut3@gmail.com;;https://www.laterrassedut3.org/;https://www.facebook.com/LaterrasseduT3;
;24 rue de Coulmier;"{""coordinates"": [2.322856059271892, 48.8251233214764], ""type"": ""Point""}";48.8251233214764, 2.322856059271892;Vert Tige;Vert -Tige;;AUTRE;HVP;RFF;Zone Urbaine de Grands Services UrbainsEmplacement réservé pour espace vert public;composteur cabane;jardin.vert.tige@gmail.com;;http://www.vert-tige.org/;;
;Square Alexandre et René Parodi 1 Place de la Porte Maillot;"{""coordinates"": [2.2821812937182555, 48.8768521804031], ""type"": ""Point""}";48.8768521804031, 2.2821812937182555;Les Jardins de l'Orée du Bois;Les Jardins de l'Orée du Bois;CP;CP;VP;DEVE;;cabane composteur;valerie_fobe@yahoo.fr;;;;2021-07-05T00:00:00+00:00
;Sur le toit du centre commercial Beaugrenelle : 12 rue Linois (accessible par l’escalier extérieur rue de l’ingénieur Robert Keller, à côté de la piscine Keller);"{""coordinates"": [2.28251560896189, 48.848559800507466], ""type"": ""Point""}";48.848559800507466, 2.28251560896189;Les jardins de Beaugrenelle;Espaces;;AUTRE;HVP;SCI Beaugrenelle;;cabane;;;https://www.association-espaces.org/;;
;15 bis rue Jules Romains;"{""coordinates"": [2.377581968185017, 48.87373480383325], ""type"": ""Point""}";48.87373480383325, 2.377581968185017;Jardin des Apprentis-Sages;Centre socio-culturel de Belleville;;AUTRE;HVP;Bailleurs Lebaudy et Batigère (non considéré comme bailleur social);ZUG;;jardindesapprentissages@gmail.com;;http://www.centresocialbelleville.net/;;
;5 rue Bellan;"{""coordinates"": [2.3466607395550128, 48.866387833225886], ""type"": ""Point""}";48.866387833225886, 2.3466607395550128;Le Jardin de Bonne;Aux cales pieds;;CP;VP;DLH;espace libre à végétaliser;bacs sacs;jardindebonne@gmail.comet;ouisabelle@kelloucq.com;;;
;Square Anne Franck 4 impasse Berthaud;"{""coordinates"": [2.353988641667737, 48.861316318395204], ""type"": ""Point""}";48.861316318395204, 2.353988641667737;Les 1001 feuilles;Les 1001 Feuilles;CA;CA;VP;DEVE;PSMV MaraisEspace Vert Public à protéger;composteur du square cabane Récupération d'eau;les1001feuilles@orange.fr;;;;
;22 rue Georges et Mai Politzer;"{""coordinates"": [2.391631080927359, 48.84186688110304], ""type"": ""Point""}";48.84186688110304, 2.391631080927359;Le jardin du 12;Esperem;;CA;VP;DEVE;ZUGELV;composteur cabane Récupération d'eau toilettes sèches jardin en trou de serrure (keyhole) gites à insectes nichoirs à oiseaux;aurelia.boulland@esperem.org;;https://www.esperem.org;;
;13 rue Francis Ponge;"{""coordinates"": [2.3944975377600164, 48.882420296778385], ""type"": ""Point""}";48.882420296778385, 2.3944975377600164;Hérold - intergénérationnel;EHPAD + crèche;CA;CA;VP;DEVE;;;;;;;
;1 rue de Sambre-Et-Meuse;"{""coordinates"": [2.3692916562197768, 48.875439132450204], ""type"": ""Point""}";48.875439132450204, 2.3692916562197768;Juliette Dodu;école maternelle Vicq d'Azir;CA;CA;VP;DEVE;;évier pour enfants - espace pour outils le long de la cabane fermé avec une porte;;;;;
;Square René Le Gall 5 rue Emile Deslandres;"{""coordinates"": [2.350294367657589, 48.83475201249388], ""type"": ""Point""}";48.83475201249388, 2.350294367657589;Le Jardin d'Abel;Le Jardin d'Abel;CA;CA;VP;DEVE;ZUV;composteurs cabane table de jardinage;lejardindabel@gmail.com;;https://www.facebook.com/lejardindabel;;
;Square James Joyce 7 rue Georges Balanchine;"{""coordinates"": [2.373772247850749, 48.83634732695983], ""type"": ""Point""}";48.83634732695983, 2.373772247850749;Le Jardin Balanchine;Le Jardin Balanchine;CA;CA;VP;DEVE;;cabane composteur Abri à insecte;contact@jardinbalanchine.fr;;;;
;Square du Chanoine-Viollet 40 rue Hippolyte Maindron;"{""coordinates"": [2.321098450721666, 48.830960250365635], ""type"": ""Point""}";48.830960250365635, 2.321098450721666;Jardin du square Chanoine Viollet;Jardins des Couleurs;CA;CA;VP;DEVE;ZUV;composteur cabane;jardinsdescouleurs@gmail.com;;;;
;9 avenue de la porte de Clignancourt;"{""coordinates"": [2.3438775713463937, 48.8983688596616], ""type"": ""Point""}";48.8983688596616, 2.3438775713463937;Les jardins partagés Labori Clignancourt;;;AUTRE;HVP;Paris Habitat;ZUG EVP;composteur cabane;;;;;2021-12-28T00:00:00+00:00
;7 Passage Marcel Landowski;"{""coordinates"": [2.371221331359983, 48.887294937770065], ""type"": ""Point""}";48.887294937770065, 2.371221331359983;Couleurs et Senteurs;Régie de quartier du 19°;CA;CA;VP;DEVE;ZUV;composteur cabane;info@rqparis19.org;;https://www.rqparis19.org/;;
;23 rue des lilas;"{""coordinates"": [2.3959724284229513, 48.878860645593946], ""type"": ""Point""}";48.878860645593946, 2.3959724284229513;Le p'tit jardin d'Eugénie;Le p'tit jardin d'Eugénie;;CA;VP;DEVE;ZUG;table de jardinage;jardindeugenie@gmail.com;;;;
;3 Square Georges Contenot (accessible par le 75-77 rue Claude Decaen);"{""coordinates"": [2.3970204559149453, 48.837708583502675], ""type"": ""Point""}";48.837708583502675, 2.3970204559149453;Le potager de Georges;Le potager de Georges;;AUTRE;HVP;Paris Habitat;EVP;bacs compost cabane serre;;;;;
;Villa d'Este;"{""coordinates"": [2.3666752079105633, 48.82198890813526], ""type"": ""Point""}";48.82198890813526, 2.3666752079105633;Des tours au jardin;Des tours au jardin;CA;CA;VP;DEVE;;cabane composteur serre panneaux solaires;dtajbureau@googlegroups.com;;https://sites.google.com/view/destoursaujardin/;;
;face au 20 rue de la Sainte Félicité;"{""coordinates"": [2.3044447476141263, 48.83910646822631], ""type"": ""Point""}";48.83910646822631, 2.3044447476141263;Le jardin de la félicité;Les amis du jardin de la félicité;CA;CA;VP;DJS;ZUG;système drainant composteurs cabane panneaux solaires;contact@jardin-de-la-felicite.fr;alain@jardin-de-la-felicite.fr;http://www.jardin-de-la-felicite.fr/;;
;Square des deux Nèthes 24 avenue de Clichy;"{""coordinates"": [2.3267854747337924, 48.885280533908784], ""type"": ""Point""}";48.885280533908784, 2.3267854747337924;Jardin des Deux Nèthes;Cultures et Potager 17/18;CA;CA;VP;DEVE;ZUV;composteur cabane;culturesetpotager@orange.fr;;;;2023-12-23T00:00:00+00:00
;23 rue Richomme;"{""coordinates"": [2.3508578515418175, 48.8861934811186], ""type"": ""Point""}";48.8861934811186, 2.3508578515418175;Jardin Richomme;La goutte verte;;CP;VP;DEVE;ZUG;decaissement + SD + TV container gardes corps zone pavés enherbés;goutteverte@yahoo.fr;;;;
;;"{""coordinates"": [2.3901476567878484, 48.89249322970248], ""type"": ""Point""}";48.89249322970248, 2.3901476567878484;Les jardins passagers;Etablissement Public du Parc et de la Grande Halle de La Villette;AUTRE;AUTRE;HVP;Etat;ZUV;composteur mare abri table de jardinage;;;villette.com/votre-visite/les-jardins-passagers;;
;59 rue St blaise;"{""coordinates"": [2.4082562389647664, 48.85743323117559], ""type"": ""Point""}";48.85743323117559, 2.4082562389647664;1,2,3 jardins;1,2,3 jardins;;AUTRE;HVP;Paris Habitat;ZUG;composteur;;;;;
;Square Emmanuel Fleury, 40 rue le Vau;"{""coordinates"": [2.410993273383833, 48.869835693705724], ""type"": ""Point""}";48.869835693705724, 2.410993273383833;Jardin partagé des boulistes de Ménilmontant;Amicale de boulistes de Ménilmontant;CA;CA;VP;DEVE;ZUVEBC;local;;;;;
;TEP Valeyre 24 rue de Rochechouart;"{""coordinates"": [2.345021513689842, 48.87796726577678], ""type"": ""Point""}";48.87796726577678, 2.345021513689842;L'accueillette du 9ème;L'Accueillette du 9°;CA;CA;VP;DJS;ZUG;abris;laccueillette@gmail.com;;;;
;Square de la Roquette 143 rue de la Roquette;"{""coordinates"": [2.3844858580934627, 48.85898642845319], ""type"": ""Point""}";48.85898642845319, 2.3844858580934627;Au cœur de la roquette;centre social et culturel solidarité roquette;CA;CA;VP;DEVE;ZUVEBCpérimetre protection monuments historiques;Cabane grillagée bacs de culture composteurs récupérateur d'eau de pluie gite à insectes grainothèques;social@solidariteroquette.fr;;https://www.solidariteroquette.fr/;;
;Jardin Léo Ferré 3 impasse Druinot;"{""coordinates"": [2.380656385506315, 48.84983063317294], ""type"": ""Point""}";48.84983063317294, 2.380656385506315;Aligresse;Commune Libre d’Aligre;CA;CA;VP;DEVE;ZUGELV;composteur cabane Récupération d'eau mare keyhole coffre à outils serre;contact@cl-aligre.org;lacommune.aligre@orange.fr;http://www.cl-aligre.org;;
;Centre d’animation Maurice Ravel 6 avenue Maurice Ravel (différents sites dans cette rue, cf fiche );"{""coordinates"": [2.4117467144502993, 48.841806193629694], ""type"": ""Point""}";48.841806193629694, 2.4117467144502993;Les jardins de la rue verte;Ligue de l’enseignement(avec délégation de service public au Centre d’animation Maurice Ravel );;CA;VP;DJS;;marepoulailler;;;;;
;46, rue Boussingault;"{""coordinates"": [2.3431593156770174, 48.825904392658636], ""type"": ""Point""}";48.825904392658636, 2.3431593156770174;Michelet;Centre Michelet;CA;CA;VP;DEVE;;;;;;;
;21 rue Guersant;"{""coordinates"": [2.289582618473421, 48.88079971805017], ""type"": ""Point""}";48.88079971805017, 2.289582618473421;Pereire;école maternelle Bayen - ecole Montessori;CA;CA;VP;DEVE;;;;;;;
;39 rue Joseph Pyton;"{""coordinates"": [2.4126080548018263, 48.86412997962658], ""type"": ""Point""}";48.86412997962658, 2.4126080548018263;Le jardin partagé Python Duvernois;Tous Ensemble;;CA;VP;DEVE;ZUG;;tousensemblecpd@gmail.com;;;;
;5 rue Léon Schwartzenberg;"{""coordinates"": [2.3532746717129425, 48.87569666435601], ""type"": ""Point""}";48.87569666435601, 2.3532746717129425;Le petit paradis;Le Pari's des faubourgs;CA;CA;VP;DEVE;;décaissement+ système drainant + TV - 8bacs - 2 coffres - 1 panneau;acceuil@lepfb.net;;;;
;Square Frédéric Rossif 175 rue de Charenton;"{""coordinates"": [2.3850883738271023, 48.84356851346513], ""type"": ""Point""}";48.84356851346513, 2.3850883738271023;La Note Bleue;Graine de partage(en partenariat avec La Note bleue );CA;CA;VP;DEVE;ZUV;cabane table de jardinage;grainedp@yahoo.fr;;http://grainedepartage.com/;;
;240 bd de la Villette;"{""coordinates"": [2.3655646229977676, 48.88451516896815], ""type"": ""Point""}";48.88451516896815, 2.3655646229977676;Jardin partagé Stalingrad;Jardin Partagé Stalingrad;;CA;VP;DEVE;ZUG;cabane bacs bacs pmr;jpstalingrad@gmail.com;;;;
;5 rue Henri Ribiere;"{""coordinates"": [2.3952750234798104, 48.87649017598806], ""type"": ""Point""}";48.87649017598806, 2.3952750234798104;Le jardin enchanté;Amicale Ribière;;AUTRE;HVP;Paris Habitat;ZUGEVP;composteur;lejardinenchante19@gmail.com;;;;
;17 rue saint-médard;"{""coordinates"": [2.350108684782083, 48.84355196200786], ""type"": ""Point""}";48.84355196200786, 2.350108684782083;Le nid de l'Ortolan;les jardiniers du 5ème;CA;CA;VP;DJS;;digicode: 24D60 + valider;jardiniersdu5eme@gmail.com;;;;
;Square Olga Bancic 34 rue Godefroy Cavaignac;"{""coordinates"": [2.3806831425668875, 48.856081949101025], ""type"": ""Point""}";48.856081949101025, 2.3806831425668875;Jardin d'Olga;Le Jardin d'Olga;CA;CA;VP;DEVE;ZUV;cabane composteur surface = 52m² composés de 13 bacs de 4m² chacun gite à insectes, nichoirs à oiseaux;jardindolga@gmail.com;;http://jardindolga.canalblog.com;https://www.facebook.com/Le-Jardin-dOlga-108103513915114;
;Jardin Françoise-Héritier place de la Garenne;"{""coordinates"": [2.3201598259926564, 48.833667654034656], ""type"": ""Point""}";48.833667654034656, 2.3201598259926564;Le Lapin Ouvrier;Le Lapin Ouvrier;CA;CA;VP;DEVE;ZUV;composteurs cabane spirale à insectes mini mare dans un demi tonneau;le.lapin.ouvrier@hotmail.fr;;;;
;Square Serment de Koufra rue de la Légion étrangère;"{""coordinates"": [2.324393162825572, 48.82087921280804], ""type"": ""Point""}";48.82087921280804, 2.324393162825572;Oasis de Koufra;L'Oasis de Koufra;CA;CA;VP;DEVE;;;loasisdekoufra@gmail.com;;;;
;rue Rodolf Noureev;"{""coordinates"": [2.3059263853521976, 48.89182737618246], ""type"": ""Point""}";48.89182737618246, 2.3059263853521976;Le Males'Herbes;Association des Hauts de Malesherbes;;CP;VP;DEVE;ZUV;terrassement bacs;hautsdemalesherbes@gmail.com;;;;
;18 passage des tourelles;"{""coordinates"": [2.4042650789250652, 48.87551886209517], ""type"": ""Point""}";48.87551886209517, 2.4042650789250652;Jardin des Tourelles;Jardin des Tourelles;;AUTRE;HVP;Paris Habitat;;;jardin.tourelles@gmail.com;;;;
;31 cité industrielle;"{""coordinates"": [2.380273419718819, 48.859379990464596], ""type"": ""Point""}";48.859379990464596, 2.380273419718819;Jardin Cité Industrielle;Cité Industrielle Environnement;;CA;VP;DEVE;ZUG;composteur cabane nichoir à oiseaux;cite.industrielle.environnement@gmail.com;;;;
;41, rue Paul Belmondo;"{""coordinates"": [2.382086335425838, 48.83610138676121], ""type"": ""Point""}";48.83610138676121, 2.382086335425838;potager de Bercy;"Asso Tournesol - EM Pommard - CL Pommard - EM Lachambeaudie - Asso ""didot accompagnement""";CP;CP;VP;DEVE;;composteur - casier grillagés;;;;;
;3 rue Gasnier Guy;"{""coordinates"": [2.3928634128029973, 48.86513501362818], ""type"": ""Point""}";48.86513501362818, 2.3928634128029973;Papilles et Papillons;Régie de Quartier «Papilles et Papillons»;;AUTRE;HVP;SIEMP;ZUV;composteur;papillesetpapillons@yahoo.fr;;;;
;33 A quai de la gironde;"{""coordinates"": [2.3802824487365055, 48.89806687594493], ""type"": ""Point""}";48.89806687594493, 2.3802824487365055;Jardin partagé Césaria Evora;Rosa Paks (Paris);CA;CA;VP;DEVE;;revêtement en stabilisé - espace de convivialité en pavés enherbés - 1 conteneur -  bacs - clôture avec un portillon;contact@centrerosaparks.paris;;;;
;14 rue Annie Girardot;"{""coordinates"": [2.3479299858242597, 48.82138721835101], ""type"": ""Point""}";48.82138721835101, 2.3479299858242597;jardin partagé de la rue Annie Girardot;Maison 13 solidaire;;CA;VP;DEVE;;deux jardinières sur dalle avec système drainant  et terre végétale - une arrivée d’eau - 5 placards - un panneau d’affichage;accueil@maison13solidaire.fr;;;;
;6 rue des thermopyles;"{""coordinates"": [2.3192899211425235, 48.83226948884327], ""type"": ""Point""}";48.83226948884327, 2.3192899211425235;Jardin des Thermopyles;Association Urbanisme et Démocratie Udé !;;CP;VP;DEVE;EVP;;udecontact@proton.me;;;;
;23 rue Rubens;"{""coordinates"": [2.3564006158191493, 48.83366437289823], ""type"": ""Point""}";48.83366437289823, 2.3564006158191493;le jardin des peintres;Fédération Nationale des Jardins Familiaux et Collectifs;CA;CA;HVP;Paris Habitat;ZUG;composteur cabane;contact@jardins-familiaux.asso.fr;;http://www.jardins-familiaux.asso.fr/;;
;Jardin du Moulin de la Vierge 20 rue de Gergovie;"{""coordinates"": [2.314157934045679, 48.8339844168798], ""type"": ""Point""}";48.8339844168798, 2.314157934045679;Jardin de Falbala;le Jardin partagé de Falbala;CA;CA;VP;DEVE;ZUV;composteur cabane;jardindefalbala@gmail.com;;http://jardindefalbala.blogspot.com/;;
;1 rue des Mariniers;"{""coordinates"": [2.3115373185997203, 48.8276105919817], ""type"": ""Point""}";48.8276105919817, 2.3115373185997203;Jardin des couleurs;Jardins des couleurs;CA;CA;VP;DEVE;ZUV;local composteur table surélevé pour fauteuils;jardinsdescouleurs@gmail.com;;;;
;Cité Internationale Universitaire de Paris 27 boulevard Jourdan;"{""coordinates"": [2.3373237791692185, 48.82042520714962], ""type"": ""Point""}";48.82042520714962, 2.3373237791692185;Le jardin du monde;Cité Internationale Universitaire de Paris/Assemblée des Délégués de Comités de Résidents;;AUTRE;HVP;Cité Internationale Unversitaire;;;jardindumonde14@gmail.com;;;;
;Conservatoire des arts et métiers 5 rue Vaucanson;"{""coordinates"": [2.356640212623597, 48.867159971367556], ""type"": ""Point""}";48.867159971367556, 2.356640212623597;Au p'tit Vertbois;Régie de quartier Paris-Centre;;AUTRE;HVP;;;;contact@regiepariscentre.org;;http://regiepariscentre.org;;
;21 rue des Blancs Manteaux;"{""coordinates"": [2.356844043861392, 48.85900635426953], ""type"": ""Point""}";48.85900635426953, 2.356844043861392;Jardin du Clos des Blancs Manteaux;Les jardiniers du 4ème;CA;CA;VP;DEVE;PSMV MaraisEspace Vert à réaliser;composteur coffre;jardiniers4@gmail.com;;;;
;179 rue de Charonne;"{""coordinates"": [2.392423039763459, 48.85605873226233], ""type"": ""Point""}";48.85605873226233, 2.392423039763459;Jardin des Habitants;Association des habitants du 179 rue de Charonne;;AUTRE;HVP;80% Emmaus Habitat, société de parking, école privée ESGF (non considérée comme bailleur social);ZUGEVP;;associationhabitants179@gmail.com;;;;
;Résidence RIVP Elie Faure 1 rue Elie Faure;"{""coordinates"": [2.415492703085865, 48.84541825181083], ""type"": ""Point""}";48.84541825181083, 2.415492703085865;Jardin Elie Faure;Ville en herbes;;AUTRE;HVP;RIVP;ZUG;lombricompost hôtel à insectes;villeenherbes@gmail.com;;http://villeenherbes.over-blog.com/;;
;Square Dunois 189 rue Chevaleret;"{""coordinates"": [2.36804579158709, 48.83396378353715], ""type"": ""Point""}";48.83396378353715, 2.36804579158709;Georges Boudry;CED 13FEDD Jeune;;AUTRE;HVP;SIEMP;;cabane;jardinpartageboudry@gmail.com;;https://jardinpartagegeorgesboudry.wordpress.com;;
;Square Boutroux 20 rue Franc Nohain;"{""coordinates"": [2.3752034243883315, 48.82190406651092], ""type"": ""Point""}";48.82190406651092, 2.3752034243883315;Jardin Malin du 13ème;jardin malin du 13ème;CA;CA;VP;DEVE;ZUG périmètre de localisation d'équipement... d'intérêt général à réaliser;composteur cabane Récupération d'eau;jardinmalin@hotmail.fr;;;;
;Centre d’animation de La Poterne des Peupliers 1 rue Gouthière;"{""coordinates"": [2.3512037862816473, 48.82070521941199], ""type"": ""Point""}";48.82070521941199, 2.3512037862816473;Jardin partagé de la Poterne des Peupliers;Ligue de l'Enseignement;;CA;VP;DJS;ZUG;composteur, toit végétalisé;capoternedespeupliers@ligueparis.org;;https://aujardin.jimdofree.com/;;
;46 rue d' Alsace;"{""coordinates"": [2.3587780490429724, 48.878908188249866], ""type"": ""Point""}";48.878908188249866, 2.3587780490429724;Garden l'EST;Garden l'EST;CA;CA;VP;DEVE;;une couche de terre végétale de 30cm d’épaisseur recouvrant un dispositif d’étanchéïté une arrivée d’eau, et compteur divisionnaire un panneau d’affichage double un coffre à outils;Jardin.garden.lest@gmail.com;;;;
;45 rue Fessart;"{""coordinates"": [2.384054341803436, 48.87671445699608], ""type"": ""Point""}";48.87671445699608, 2.384054341803436;Jardin Fessart;Le jardin Fessart;;CA;VP;DEVE;ZUGPérimètre de localisation d'équipement… d'intérêt général;composteur cabane;jardinfessart@numericable.fr;;http://jardin-fessart.over-blog.com/;;
;Square Louis Lumière 30 rue Louis Lumière;"{""coordinates"": [2.4116456899674352, 48.859198214906925], ""type"": ""Point""}";48.859198214906925, 2.4116456899674352;Le jardin insolite;Môm'Ganne / Réseau Môm'artre;CA;CA;VP;DEVE;ZUV;composteur;rueganne@gmail.com;;www.momartre.net;;2021-04-12T00:00:00+00:00
;20 rue de Fontarabie;"{""coordinates"": [2.4011426104318043, 48.857510153823895], ""type"": ""Point""}";48.857510153823895, 2.4011426104318043;Les ombres potagères;Les Ombres Potagères;CA;CA;VP;DEVE;;eau abris cloture;ombrespotageres@gmail.com;;;;
;75008;"{""coordinates"": [2.3090971504447237, 48.87931712131294], ""type"": ""Point""}";48.87931712131294, 2.3090971504447237;monceau;école élémentaire et maternelle Monceau;CP;CP;VP;DEVE;;coffre banquette;;;;;
;79 rue Alexandre Dumas;"{""coordinates"": [2.397636801405084, 48.85525406443056], ""type"": ""Point""}";48.85525406443056, 2.397636801405084;Jardin Don Bosco;Charonne Planchat;Autre;Autre;HVP;Paroisse St Jean Bosco;;compost bacs;sjb.laudatosi@gmail.com;;;;
;Square du Clos Feuquières 30 rue Desnouettes;"{""coordinates"": [2.290521690869009, 48.83609124595633], ""type"": ""Point""}";48.83609124595633, 2.290521690869009;Le Potager du Clos;le potager du clos;CA;CA;VP;DEVE;ZUVEBC;cabane terrasse en platelage bois 2 bacs en hauteur composteurs;lepotagerduclos@laposte.net;;http://Lepotagerduclos.wordpress.com;;
;Palais de Tokyo 2 rue de la Manutention;"{""coordinates"": [2.2961366819370523, 48.864166104489335], ""type"": ""Point""}";48.864166104489335, 2.2961366819370523;Jardin aux habitants;Jardin aux habitants;;AUTRE;HVP;Etat;ZUGELV;ruche;;;https://palaisdetokyo.com/;;
;27 rue Baudelique;"{""coordinates"": [2.347573187346851, 48.89324636012352], ""type"": ""Point""}";48.89324636012352, 2.347573187346851;Jardin Baudélire;Vert à soi;;CP;VP;DAC affecté temporairement à la DEVE;ZUG;composteur cabane;jardinbaudelire@gmail.com;;https://jardinbaudelire.wordpress.com/;;
;35 rue Polonceau;"{""coordinates"": [2.3518848943033523, 48.885901783986256], ""type"": ""Point""}";48.885901783986256, 2.3518848943033523;Jardin l'Univert;Halage;;AUTRE;HVP;Paris Habitat;ZUG;composteur cabane Récupération d'eau serre;stephane.bourdelet@halage.fr;;https://www.facebook.com/jardinlunivert/;https://www.halage.fr/;
;Jardin Villemin 6 rue des Récollets;"{""coordinates"": [2.3621850088244383, 48.87443394633443], ""type"": ""Point""}";48.87443394633443, 2.3621850088244383;Le Poireau Agile;Ville Mains Jardins;CA;CA;VP;DEVE;ZUVEBC;composteurs Récupération d'eau cabane table de jardinage broyeur;ville_mains_jardins@yahoo.fr;;sites.google.com/site/poireauagile;;
;18 rue Forceval;"{""coordinates"": [2.3913803548377888, 48.90048935450638], ""type"": ""Point""}";48.90048935450638, 2.3913803548377888;Jardin parisien de Pantin;Le Jardin parisien de Pantin;;CP;VP;DVD;;"50cm de terre végétale d’apport séparée de la terre d’origine par une couche de gravier et un  géotextile pour la partie Est du jardin et pour la bande de terre le long du grillage avec le talus du périphérique
-20cm de terre végétale d’apport séparée de";jardinparisiendepantin@gmail.com;;;;
;14 Cité de Gênes;"{""coordinates"": [2.382814854587793, 48.870657027696495], ""type"": ""Point""}";48.870657027696495, 2.382814854587793;Jardin partagé du Bas-Belleville;Crescendo-Centre Social et Culturel La maison du bas Belleville;;CP;VP;DVD;Voie publique ou privéeaménagement piéton;;maison.bas-belleville@groupe-sos.org;;www.maisonbasbelleville.org;;
;Dalle des Olympiades;"{""coordinates"": [2.364514049887955, 48.82585518723297], ""type"": ""Point""}";48.82585518723297, 2.364514049887955;Jardin Partagé des Olympiades;Association Jardin Partagé Olympiades;;AUTRE;HVP;Paris Habitat;ZUG;cloture cabane;jardinolympiades@gmail.com;;https://www.facebook.com/jardinolympiades;;
;Résidence RIVP Elie Faure 21 rue du chaffault;"{""coordinates"": [2.415202090563017, 48.84529587109845], ""type"": ""Point""}";48.84529587109845, 2.415202090563017;Jardin faure'midable;Jardin Faure'midable;;AUTRE;HVP;RIVP;;décaissement sur 30cm + géotextile+Terre Végétaleune zone stabilisée cabane composteurs récupérateur d'eau de pluie gite à insectes grainothèque;jardinfauremidable@gmail.com;;https://www.facebook.com/jardinfauremidable/;;
;Jardin Debergue-rendez-vous 1 Cité Debergue;"{""coordinates"": [2.4037703975411526, 48.84568095544368], ""type"": ""Point""}";48.84568095544368, 2.4037703975411526;Le Jardin de l'Echo;L'écho des Autres;CA;CA;VP;DEVE;ZUV;composteur cabane;lechodesautres@gmail.com;;;;
;Square Paul Nizan 9 rue de l'industrie;"{""coordinates"": [2.357190495203628, 48.82254063426508], ""type"": ""Point""}";48.82254063426508, 2.357190495203628;Jardin Les Mots et Merveilles;Les Peupliers;CA;CA;VP;DEVE;ZUV;cabane;lespeupliers.association@gmail.com;;;;
;2 rue Gazan;"{""coordinates"": [2.339807245701618, 48.823981785953656], ""type"": ""Point""}";48.823981785953656, 2.339807245701618;Montsouris;Ecole Elementaire 87, bd Arago                               Ecole Maternelle 77, rue de la tombe Issoire;CP;CP;VP;DEVE;;Chassis;;;;;2021-10-08T00:00:00+00:00
;56 rue Saint Blaise;"{""coordinates"": [2.4071345526884302, 48.85791712718219], ""type"": ""Point""}";48.85791712718219, 2.4071345526884302;Le 56;Le 56;;AUTRE;HVP;Paris Habitat;ZUGEVP;composteur Récupération d'eau toilettes sèches abri ruches;le56contact@gmail.com;;https://56stblaise.wordpress.com/;;
;jardin des Deux Moulins 78 avenue Edison;"{""coordinates"": [2.357659605113903, 48.83046646361328], ""type"": ""Point""}";48.83046646361328, 2.357659605113903;Potager des deux moulins;;CA;CA;VP;DEVE;;bacs abri panneau d'affichage;potagerdes2moulins@gmail.com;;;;
;Parc Chapelle Charbon, rue du pré;"{""coordinates"": [2.362103369000309, 48.8974350132832], ""type"": ""Point""}";48.8974350132832, 2.362103369000309;jardin partagé Chapelle Charbon;Vergers Urbains;CP;CP;VP;DEVE;;une couche drainante, comprise entre deux géotextiles, surmontée d’une couche de 1m de terre végétale : deux fontaines à boire - trois bouches d’arrosage - une grillette parisienne de 1m de haut et trois portillons - une haie champêtre;vergersurbains@gmail.com;;;;
;3 rue d aligre;"{""coordinates"": [2.3772287098110865, 48.848016993252], ""type"": ""Point""}";48.848016993252, 2.3772287098110865;Jardin de Quentin;Ligue de l'enseignement;;;VP;DJS;;;maisondesensembles@ligueparis.org;;;;
;Parc Clichy-Batignolles - Martin Luther-King, 166 rue du Cardinet;"{""coordinates"": [2.316913557404839, 48.88976025254181], ""type"": ""Point""}";48.88976025254181, 2.316913557404839;Jardin de Perlimpinpin;Jardin de Perlimpinpin;CP;CP;VP;DEVE;ZUV;composteurs cabane mare;michel_dannielou@yahoo.fr;;;;
;2 bis cité de la Chapelle;"{""coordinates"": [2.3592550559941037, 48.88727511126265], ""type"": ""Point""}";48.88727511126265, 2.3592550559941037;Le Bois Dormoy;Le Bois Dormoy;;CP;VP;DEVE;ZUGPérimètre de localisation d'équipement... d'intérêt général à réaliser(LS100%);composteur cabane;dormoy@yahoo.fr;;http://boisdormoy.blogspot.com/;;
;126 rue de Bagnolet;"{""coordinates"": [2.4047934420827937, 48.86059123726569], ""type"": ""Point""}";48.86059123726569, 2.4047934420827937;Jardin suspendu;multi’colors;;AUTRE;HVP;Paris Habitat;;cabane récupérateur d'eau serre tables de jardinage;mail@multicolors.org;;;;
;3 rue de Thorigny;"{""coordinates"": [2.3622479842996857, 48.859551541171435], ""type"": ""Point""}";48.859551541171435, 2.3622479842996857;Jardin partagé Berthe Weill;Le Jardin Partagé Berthe Weill;CA;CA;VP;DEVE;;décaissement au sol sur 60 à 80 cm d’épaisseur avec un apport de TV, une zone d’accès en stabilisé de 8 m2, un point d’eau avec robinet amovible, une corbeille de propreté type Bagatelle, une jardinière PMR en bois, un coffre en bois pour petit outillage;jardinbertheweill@gmail.com;;;;
;54 rue de Belleville;"{""coordinates"": [2.3816586824299124, 48.873065631366835], ""type"": ""Point""}";48.873065631366835, 2.3816586824299124;Jardin de la Place Fréhel;Slam Production;;CA;VP;DVD;;jardinières;slamproduction@orange.fr;;;;
;17 avenue Delaporte;"{""coordinates"": [2.4134322162422337, 48.848508261108975], ""type"": ""Point""}";48.848508261108975, 2.4134322162422337;Jardin du Square Delaporte;La Belle Verte;CA;CA;VP;DEVE;;"abri grillagé
arrivée d'eau
panneau d'affichage";bonjour@larecoltecitadine.fr;;;;
;Eglise St Serge 93 rue de Crimée;"{""coordinates"": [2.384489762001406, 48.88382658817877], ""type"": ""Point""}";48.88382658817877, 2.384489762001406;Jardin Saint Serge;Jardin Saint Serge;;AUTRE;HVP;Institut de Théologie Orthodoxe Saint Serge;ZUGEVPBâtiment protégé;composteur Récupération d'eau broyeur;jpp.lejardinier@free.fr;;http://www.jardin-saintserge.fr/;;
;107 rue de Reuilly;"{""coordinates"": [2.3924064438468062, 48.84261013182172], ""type"": ""Point""}";48.84261013182172, 2.3924064438468062;Jardin Santerre;Association des résidents du 107;;AUTRE;HVP;Paris Habitat;ZUG;composteurs;;;http://jardinsanterre.blogspot.com/;;
;156 rue Raymond Losserand;"{""coordinates"": [2.3113377449307855, 48.83058722620449], ""type"": ""Point""}";48.83058722620449, 2.3113377449307855;Jardin Jean Genet;Jardin Jean Genet;;AUTRE;HVP;Paris Habitat;ZUGEVP;cabane;clergerie.cath@free.fr;;http://jardin-jean-genet.blogspot.com/;;
;Square Saint Lambert, 2 rue Jean Formige;"{""coordinates"": [2.297522496966647, 48.841739957697754], ""type"": ""Point""}";48.841739957697754, 2.297522496966647;Le Jardin des oursons de saint Lambert;le jardin des oursons saint Lambert;CA;CA;VP;DEVE;ZUVEBCinscrit aux monuments historiques;cabane terrasse en platelage bois composteurs;jardindesoursons@gmail.com;;http://www.lejardindesoursons.sitew.fr/;;
;Square des Cardeurs;"{""coordinates"": [2.407219234473548, 48.85830145010564], ""type"": ""Point""}";48.85830145010564, 2.407219234473548;Jardin partagé Soleil Blaise;Centre social Soleil Blaise;;AUTRE;HVP;RIVP+EFIDIS;;compoteurs collectifs dpe;soleilblaise@free.fr;;http://soleilblaise.org/;;
;11 ter rue d'Alésia;"{""coordinates"": [2.335502899228015, 48.82701050899308], ""type"": ""Point""}";48.82701050899308, 2.335502899228015;jardin partagé Alice Millat;association jardin partagé Alice millat;;CA;VP;DJS;;une arrivée d'eau - une clôture - des gardes corps - un composteur;jpam.asso@gmail.com;;;;
;159 rue Croix Nivert;"{""coordinates"": [2.290746184591024, 48.840321705223396], ""type"": ""Point""}";48.840321705223396, 2.290746184591024;Ombrelle et coccinelle;Ombrelle et coccinelle;AUTRE;AUTRE;HVP;Paris Habitat;Emplacement réservé en vue de la réalisation de logement;cabane composteur;contact@ombcoc.fr;;https://ombrelleetcoccinelle.wordpress.com/;;
;Square Charles Péguy 21 rue Rottembourg;"{""coordinates"": [2.406549295245265, 48.83849258921216], ""type"": ""Point""}";48.83849258921216, 2.406549295245265;Jardin Bel-Air;Graine de partage;CA;CA;HVP;DEVE + RFF;ZUV;composteur cabane mare bac surélevé;grainedp@yahoo.fr;;;;
